,name,label
0,Mohammadi,1
1,Hosseini,1
2,Ahmadi,1
3,Ali,1
4,Moradi,1
5,Heydari,1
6,Karimi,1
7,Mousavi,1
8,Jafari,1
9,Mohammad,1
10,Pour,1
11,Ghasemi,1
12,Rahimi,1
13,Ebrahimi,1
14,Sadeghi,1
15,Abbasi,1
16,Gholami,1
17,Akbari,1
18,Asadi,1
19,Zare,1
20,Mahmoudi,1
21,Ghorbani,1
22,Bagheri,1
23,Amiri,1
24,Kazemi,1
25,Zarei,1
26,Haji,1
27,Hashemi,1
28,Nouri,1
29,Yousefi,1
30,Alizadeh,1
31,Esmaeili,1
32,Rezaei,1
33,Salehi,1
34,Nazari,1
35,Mir,1
36,Razaee,1
37,Norouzi,1
38,Shah,1
39,Soleimani,1
40,Sharifi,1
41,Karami,1
42,Rahmani,1
43,Azizi,1
44,Rostami,1
45,Najafi,1
46,Safari,1
47,Amini,1
48,Soltani,1
49,Taheri,1
50,Ramezani,1
51,Razaie,1
52,Khosravi,1
53,Bahrami,1
54,Abdollahi,1
55,Mirzaei,1
56,Zamani,1
57,Dehghani,1
58,Maleki,1
59,Hasani,1
60,Ghanbari,1
61,Fathi,1
62,Hosseinzadeh,1
63,Rajabi,1
64,Abdi,1
65,Dehghan,1
66,Saeedi,1
67,Shabani,1
68,Hossein,1
69,Abbas,1
70,Mansouri,1
71,Asgari,1
72,Ranjbar,1
73,Naderi,1
74,Arab,1
75,Nassiri,1
76,Salimi,1
77,Sheikh,1
78,Jalali,1
79,Lotfi,1
80,Khalili,1
81,Habibi,1
82,Mohammadzadeh,1
83,Shafiee,1
84,Fallah,1
85,Goodarzi,1
86,Rashidi,1
87,Ghaffari,1
88,Eskandari,1
89,Rigi,1
90,Nasseri,1
91,Salari,1
92,Kiani,1
93,Tavakoli,1
94,Rasooli,1
95,Babaei,1
96,Azimi,1
97,Ghaderi,1
98,Bayat,1
99,,1
100,Mirzaie,1
101,Nemati,1
102,Kamali,1
103,Shojaei,1
104,Ansari,1
105,Talebi,1
106,Mokhtari,1
107,Reza,1
108,Shahbazi,1
109,Yazdani,1
110,Mahdi,1
111,Khani,1
112,Hatami,1
113,Asghari,1
114,Faraji,1
115,Mahdavi,1
116,Hasanza,1
117,Amir,1
118,Reyesi,1
119,Jamshidi,1
120,Abedi,1
121,Jamali,1
122,Rafiee,1
123,Alipour,1
124,Seyed,1
125,Hassanpour,1
126,Hosseinpour,1
127,Bakhtiari,1
128,Hassan,1
129,Allah,1
130,Teimouri,1
131,Rahmati,1
132,Tajik,1
133,Ebadi,1
134,Keshavarz,1
135,Masoumi,1
136,Khazaei,1
137,Ahmad,1
138,Salmani,1
139,Samadi,1
140,Farhadi,1
141,Mohseni,1
142,Sohrabi,1
143,Babaee,1
144,Torabi,1
145,Hamidi,1
146,Islami,1
147,Bani,1
148,Shokri,1
149,Mohammadian,1
150,Momeni,1
151,Malek,1
152,Bakhshi,1
153,Abdollah,1
154,Javadi,1
155,Yoqobe,1
156,Imani,1
157,Askari,1
158,Panahi,1
159,Barati,1
160,Khan,1
161,Davoodi,1
162,Haj,1
163,Khademi,1
164,Moghadam,1
165,Hemati,1
166,Darvishi,1
167,Khajeh,1
168,Barzegar,1
169,Saberi,1
170,Azadi,1
171,Kargar,1
172,Gul,1
173,Izadi,1
174,Seyyed,1
175,Hasan,1
176,Tahmasbi,1
177,Amani,1
178,Sheikhi,1
179,Baloch,1
180,Hassanzadeh,1
181,Shir,1
182,Ataei,1
183,Gholam,1
184,Ghahramani,1
185,Mozaffari,1
186,Jalili,1
187,Shakeri,1
188,Emami,1
189,Aliza,1
190,Jabbari,1
191,Hajizadeh,1
192,Shamsi,1
193,Zakeri,1
194,Fattahi,1
195,Sari,1
196,Shiri,1
197,Zahedi,1
198,Qale,1
199,Mohebbi,1
200,,1
201,Brahouei,1
202,Dashti,1
203,Nik,1
204,Shams,1
205,Khodadadi,1
206,Ahmadzadeh,1
207,Narouei,1
208,Noor,1
209,Afshari,1
210,Mehrabi,1
211,Fallahi,1
212,Jahangiri,1
213,Cheraghi,1
214,Mirie,1
215,Afshar,1
216,Seifi,1
217,Yari,1
218,Taqe,1
219,Jahan,1
220,Omidi,1
221,Khosh,1
222,Bahmani,1
223,Arabi,1
224,Majidi,1
225,Agha,1
226,Mahdizadeh,1
227,Mahmoud,1
228,Shahi,1
229,Azad,1
230,Shahriari,1
231,Jahani,1
232,Abdul,1
233,Jafarzadeh,1
234,Ahmadian,1
235,The,1
236,Jokar,1
237,Fazeli,1
238,Karim,1
239,Sarani,1
240,Kareme,1
241,Mehri,1
242,Gholipour,1
243,Mirza,1
244,Ghareh,1
245,Abedini,1
246,Firoozi,1
247,Akbar,1
248,Saleh,1
249,Zanganeh,1
250,Abdoli,1
251,Baba,1
252,Sajjadi,1
253,Piri,1
254,Davari,1
255,Zandi,1
256,Mohammadpour,1
257,Akbarzadeh,1
258,Esfandiari,1
259,Vakili,1
260,Ghafouri,1
261,Hadi,1
262,Ashouri,1
263,Molaei,1
264,Souri,1
265,Nejad,1
266,Mashhadi,1
267,Nosrati,1
268,Jafar,1
269,Mardani,1
270,Farrokhi,1
271,Abbaspour,1
272,Bameri,1
273,Kalantari,1
274,Aslani,1
275,Fatemi,1
276,Karimian,1
277,Saeed,1
278,Roshan,1
279,Ahmadpour,1
280,Saadat,1
281,Khodabandeh,1
282,Sadegh,1
283,Ashrafi,1
284,Darabi,1
285,Khaleghi,1
286,Amin,1
287,Saatati,1
288,Karimzadeh,1
289,Taghipour,1
290,Gholizadeh,1
291,Vahedi,1
292,Razoe,1
293,Ghobadi,1
294,Taghi,1
295,Rabieh,1
296,Ebrahim,1
297,Khairi,1
298,Sayyadi,1
299,Rezazadeh,1
300,Sharafi,1
301,,1
302,Masoudi,1
303,Hedayati,1
304,Nasiri,1
305,Eftekhari,1
306,Bagherzadeh,1
307,Fouladi,1
308,Shirvani,1
309,Yavari,1
310,Xoalafaqare,1
311,Aqa,1
312,Esmaeilzadeh,1
313,Bahari,1
314,Ebrahimzadeh,1
315,Abase,1
316,Khadem,1
317,Goli,1
318,Azar,1
319,Latifi,1
320,Fatehi,1
321,Almasi,1
322,Arbabi,1
323,Feze,1
324,Aloe,1
325,Roohi,1
326,Rouhani,1
327,Sobhani,1
328,Darvish,1
329,Taghizadeh,1
330,Balochi,1
331,Bahadori,1
332,Afzali,1
333,Madadi,1
334,Zeinali,1
335,Hosein,1
336,Beheshti,1
337,Maghsoudi,1
338,Naimi,1
339,Sharif,1
340,Salhe,1
341,Shahrakie,1
342,Seyyedi,1
343,Safi,1
344,Sabouri,1
345,Parsa,1
346,Haddadi,1
347,Fadaei,1
348,Rastegar,1
349,Niazi,1
350,Bigdeli,1
351,Faramarzi,1
352,Valipour,1
353,Saedi,1
354,Razavi,1
355,Mortazavi,1
356,Moradian,1
357,Kohi,1
358,Safaei,1
359,Ale,1
360,Ghan,1
361,Danesh,1
362,Zahir,1
363,Abbasian,1
364,Sadat,1
365,Esmaeil,1
366,Moazami,1
367,Fazli,1
368,Pashaei,1
369,Ganji,1
370,Ezzati,1
371,Khorasani,1
372,Mullaei,1
373,Sadiqi,1
374,Tayebi,1
375,Khorrami,1
376,Ahayi,1
377,Nejat,1
378,Ameri,1
379,Bashiri,1
380,Farzaneh,1
381,Khorshidi,1
382,Fath,1
383,Barani,1
384,Sadeghian,1
385,Taqoe,1
386,Eslami,1
387,Sattari,1
388,Yousef,1
389,Dares,1
390,Valiza,1
391,Sotoudeh,1
392,Beigi,1
393,Moslem,1
394,Ramadan,1
395,Shahabi,1
396,Ahadi,1
397,Morad,1
398,Vaziri,1
399,Derakhshan,1
400,Pir,1
401,Pak,1
402,Sadri,1
403,Ehsani,1
404,Gharibi,1
405,Yar,1
406,Veysi,1
407,Jan,1
408,Mullah,1
409,Kaviani,1
410,Rahim,1
411,Kabiri,1
412,Hamzeh,1
413,Yousefzadeh,1
414,Tabatabaei,1
415,Yeganeh,1
416,Zarrin,1
417,Parviz,1
418,Asad,1
419,Razaghi,1
420,Mostafavi,1
421,Sedaghat,1
422,Haqeqe,1
423,Gol,1
424,Alaei,1
425,Salemi,1
426,Hassani,1
427,Shaban,1
428,Qorishi,1
429,Mollaei,1
430,Darazadh,1
431,Maliki,1
432,Rahimzadeh,1
433,Behzadi,1
434,Shahsavari,1
435,Shokouhi,1
436,Esmail,1
437,Jafarian,1
438,Papi,1
439,Shariati,1
440,Khazari,1
441,Khaledi,1
442,Emadi,1
443,Golestani,1
444,Sufi,1
445,Mostafa,1
446,Mansour,1
447,Rahnama,1
448,Nabi,1
449,Houshmand,1
450,Biranvand,1
451,Foroughi,1
452,Mazaheri,1
453,Zeynli,1
454,Moini,1
455,Dolat,1
456,Rezaeian,1
457,Qademe,1
458,Heydarzadeh,1
459,Nick,1
460,Sayyah,1
461,Hakimi,1
462,Gholamzadeh,1
463,Naghdi,1
464,Seif,1
465,Isa,1
466,Aziz,1
467,Sepahi,1
468,Bayrami,1
469,Shakouri,1
470,Rostam,1
471,Javan,1
472,Karimpour,1
473,Pahlavan,1
474,Valizadeh,1
475,Dostami,1
476,Khadri,1
477,Sahraie,1
478,Rashid,1
479,Nasr,1
480,Lak,1
481,Motamedi,1
482,Sake,1
483,Seyedi,1
484,Bayati,1
485,Hashem,1
486,Khodai,1
487,Shirazi,1
488,Hamid,1
489,Omrani,1
490,Farahani,1
491,Farahmand,1
492,Salamat,1
493,Asakereh,1
494,Ghasemzadeh,1
495,Madani,1
496,Montazeri,1
497,Ahamade,1
498,Moghaddasi,1
499,Fereydouni,1
500,Ghorbanzadeh,1
501,Jafarpour,1
502,Reyhani,1
503,Sarlak,1
504,Rakhshani,1
505,Siah,1
506,Chopani,1
507,Vale,1
508,Yazdi,1
509,Hajian,1
510,Javid,1
511,Aghaei,1
512,Roshani,1
513,Jamal,1
514,Taghavi,1
515,Samimi,1
516,Kermani,1
517,Edi,1
518,Shirzad,1
519,Safar,1
520,Nazeri,1
521,Deh,1
522,Rabbani,1
523,Yazdanpanah,1
524,Akrami,1
525,Mahmoudian,1
526,Eqbali,1
527,Akhlaghi,1
528,Sultan,1
529,Badri,1
530,Khorram,1
531,Khavari,1
532,Bahram,1
533,Razoane,1
534,Eshaghi,1
535,Alikhani,1
536,Jaberi,1
537,Nakhai,1
538,Davood,1
539,Hazrati,1
540,Hafezi,1
541,Zafari,1
542,Heydar,1
543,Hayati,1
544,Heydariyan,1
545,Imam,1
546,Vali,1
547,Vatan,1
548,Akhavan,1
549,Gharib,1
550,Gohari,1
551,Zand,1
552,Baoe,1
553,Shakari,1
554,Yarahmadi,1
555,Nikbakht,1
556,Ebrahimpour,1
557,Dadashi,1
558,Asadollahi,1
559,Shahidi,1
560,Heshmati,1
561,Mostafaei,1
562,Aaqaee,1
563,Boroumand,1
564,Abdolmaleki,1
565,Kaveh,1
566,Etemadi,1
567,Mashayekhi,1
568,Shibani,1
569,Safavi,1
570,Jedghal,1
571,Eliasi,1
572,Safdari,1
573,Ghazi,1
574,Najari,1
575,Tavassoli,1
576,Ghasempour,1
577,Safarzadeh,1
578,Noori,1
579,Aaqaie,1
580,Shahnavazi,1
581,Rousta,1
582,Bahman,1
583,Vahidi,1
584,Aghajani,1
585,Safaie,1
586,Torkashvand,1
587,Asadzadeh,1
588,Nikoo,1
589,Basiri,1
590,Davoudi,1
591,Keshavarzi,1
592,Tarak,1
593,Moradpour,1
594,Zadeh,1
595,Hashemzadeh,1
596,Asgharzadeh,1
597,Nabavi,1
598,Saber,1
599,Hamedi,1
600,Nasri,1
601,Parvin,1
602,Salar,1
603,Kashani,1
604,Habib,1
605,Mousazadeh,1
606,Azami,1
607,Ghorbanpour,1
608,Jalilian,1
609,Sadeghzadeh,1
610,Narimani,1
611,Xabehe,1
612,Nadi,1
613,Yaghobi,1
614,Kakavand,1
615,Bagherian,1
616,Zahiri,1
617,Salangi,1
618,Rezapour,1
619,Dost,1
620,Babazadeh,1
621,Sepehri,1
622,Taher,1
623,Khodayari,1
624,Malekpour,1
625,Ghazanfari,1
626,Vafaie,1
627,Fakhri,1
628,Mehraban,1
629,Dehvari,1
630,Kia,1
631,Akbarian,1
632,Ghane,1
633,Eshghi,1
634,Abolhassani,1
635,Javaheri,1
636,Haddad,1
637,Hojjat,1
638,Shahmoradi,1
639,Khalaj,1
640,Hesari,1
641,Chegini,1
642,Mahrami,1
643,Karad,1
644,Rahmanian,1
645,Kazem,1
646,Iran,1
647,Younessi,1
648,Gholampour,1
649,Nazemi,1
650,Daneshvar,1
651,Rasti,1
652,Pudineh,1
653,Shoja,1
654,Beit,1
655,Ghasemian,1
656,Hadian,1
657,Sanjari,1
658,Dolati,1
659,Hemmati,1
660,Maroufi,1
661,Khodabakhshie,1
662,Jalil,1
663,Alavi,1
664,Nissi,1
665,Azhdari,1
666,Hoshyar,1
667,Qalandari,1
668,Reyahi,1
669,Taherkhani,1
670,Anvari,1
671,Zeaie,1
672,Rahimian,1
673,Yazdan,1
674,Moradzadeh,1
675,Manouchehri,1
676,Ranjibari,1
677,Rezvani,1
678,Nasari,1
679,Irani,1
680,Hussein,1
681,Ullah,1
682,Saadi,1
683,Hejazi,1
684,Qomari,1
685,Nami,1
686,Rajaei,1
687,Yadgari,1
688,Sanchulli,1
689,Akhundi,1
690,Falahati,1
691,Mousavian,1
692,Malekzah,1
693,Karam,1
694,Mehr,1
695,Erfani,1
696,Qaide,1
697,Rahimpour,1
698,Herati,1
699,Mousa,1
700,Tabatabai,1
701,Khalil,1
702,Dasat,1
703,Molavi,1
704,Sayyad,1
705,Enayati,1
706,Nasrollahi,1
707,Ghorban,1
708,Arefi,1
709,Zolfaghari,1
710,Fahimi,1
711,Habibzadeh,1
712,Shaker,1
713,Mirzadeh,1
714,Kazemzadeh,1
715,Farhani,1
716,Kamal,1
717,Sedghi,1
718,Majid,1
719,Amraei,1
720,Qadere,1
721,Khatami,1
722,Sadaty,1
723,Mafi,1
724,Sarhadi,1
725,Jani,1
726,Movahedi,1
727,Yousefpour,1
728,Maqeme,1
729,Haqi,1
730,Hosseinian,1
731,Al-Boghbish,1
732,Dadkhah,1
733,Sajedi,1
734,Minaei,1
735,Samiei,1
736,Fotouhi,1
737,Khaksar,1
738,Bostani,1
739,Aali,1
740,Saffari,1
741,Gholamian,1
742,Frootan,1
743,Arjmand,1
744,Nezami,1
745,Fayazi,1
746,Namdari,1
747,Khodaie,1
748,Kalateh,1
749,Soleiman,1
750,Zaheri,1
751,Sergasi,1
752,Amirian,1
753,Behrouzi,1
754,Nematollah,1
755,Dalvand,1
756,Monfared,1
757,Qasemi,1
758,Ramezanzadeh,1
759,Koolivand,1
760,Javanmard,1
761,Turkman,1
762,Beyk,1
763,Razmi,1
764,Taherian,1
765,Momen,1
766,Tohidi,1
767,Aghazadeh,1
768,Qasem,1
769,Ghare,1
770,Yousefian,1
771,Zangi,1
772,Mhabobe,1
773,Reisi,1
774,Lakzai,1
775,Roozbehani,1
776,Ebrahimian,1
777,Hemmat,1
778,Ghease,1
779,Behnam,1
780,Safarpour,1
781,Farah,1
782,Azari,1
783,Kamrani,1
784,Rahman,1
785,Deliri,1
786,Najaf,1
787,Azizzadeh,1
788,Kurdie,1
789,Hasanwand,1
790,Afkhami,1
791,Gorji,1
792,Esmaeilpour,1
793,Ayoub,1
794,Amjadi,1
795,Roustai,1
796,Sidi,1
797,Ahmadvand,1
798,Karamati,1
799,Abdollahzadeh,1
800,Farahi,1
801,Soheili,1
802,Salahi,1
803,Be,1
804,Qaisari,1
805,Biglari,1
806,Chakri,1
807,Jamshid,1
808,Farrokh,1
809,Ghadiri,1
810,Sarouri,1
811,Sadeghpour,1
812,Shirin,1
813,Mohsen,1
814,Khalaji,1
815,Ghanbarzadeh,1
816,Qaisi,1
817,Omidvar,1
818,Turki,1
819,Koshki,1
820,Lashkari,1
821,Talaei,1
822,Salarwand,1
823,Zanadh,1
824,Roustaei,1
825,Fadaie,1
826,Shirzadi,1
827,Maryam,1
828,Faghih,1
829,Farase,1
830,Heydarpour,1
831,Sabahi,1
832,Mahdian,1
833,Ashraf,1
834,Salame,1
835,Saremi,1
836,Fakhari,1
837,Khanani,1
838,Javidi,1
839,Fatahi,1
840,Sahebi,1
841,Qarh,1
842,Nikzad,1
843,Namdar,1
844,Abed,1
845,Shahrokhi,1
846,Ahangari,1
847,Baghban,1
848,Sharifzadeh,1
849,Rajab,1
850,Shirani,1
851,Rashedi,1
852,Aoz,1
853,Azizpour,1
854,Sanei,1
855,Akbarpour,1
856,Hashemian,1
857,Vazefh,1
858,Chamani,1
859,Zohrabi,1
860,Hadizadeh,1
861,Parsaei,1
862,Kian,1
863,Bagherpour,1
864,Nikpour,1
865,Taj,1
866,Vahid,1
867,Nikkhah,1
868,Hesami,1
869,Khosravani,1
870,Mullai,1
871,Aaxare,1
872,Mallahi,1
873,Eini,1
874,Azizian,1
875,Barzegari,1
876,Aeoze,1
877,Rad,1
878,Khajavi,1
879,Delir,1
880,Lashgari,1
881,Sardari,1
882,Adali,1
883,Dalavari,1
884,Javanmardi,1
885,Reissi,1
886,Ghibi,1
887,Haqeqat,1
888,Asadpour,1
889,Shahin,1
890,Shafi,1
891,Gorgiyeh,1
892,Kohistani,1
893,Rahmat,1
894,Taleb,1
895,Khorsandi,1
896,Qaime,1
897,Gramei,1
898,Shafai,1
899,Moghimi,1
900,Parvaneh,1
901,Hage,1
902,Hedayat,1
903,Nourbakhsh,1
904,Nobakht,1
905,Khodaverdi,1
906,Qaleh,1
907,Jalal,1
908,Haghashen,1
909,Manafi,1
910,Hassanneh,1
911,Azadeh,1
912,Nasser,1
913,Bazyar,1
914,Nadimi,1
915,Mehdi,1
916,Norouz,1
917,Qaraee,1
918,Niknam,1
919,Pakdel,1
920,Bahri,1
921,Haghani,1
922,Javari,1
923,Iman,1
924,Fard,1
925,Burhani,1
926,Qanoate,1
927,Ahangar,1
928,Norani,1
929,Sabzi,1
930,Darayi,1
931,Haghighi,1
932,Rastgou,1
933,Kalhor,1
934,Qadarate,1
935,Esfahani,1
936,Qaze,1
937,Kashi,1
938,Rafati,1
939,Norouzian,1
940,Jahanideh,1
941,Baghbani,1
942,Fateh,1
943,Kashore,1
944,Khalilzadeh,1
945,Asghar,1
946,Bahramian,1
947,Zahra,1
948,Jodaki,1
949,Hashempour,1
950,Damnia,1
951,Zarghani,1
952,Ismail,1
953,Soltanian,1
954,Morteza,1
955,Haq,1
956,Shayesteh,1
957,Rostamzadeh,1
958,Vafaee,1
959,Ashoori,1
960,Marvoti,1
961,Bahrampour,1
962,Dani,1
963,Razm,1
964,Ghadami,1
965,Rajabzah,1
966,Ghorbanian,1
967,Bahreini,1
968,Gadede,1
969,Mohajeri,1
970,Rhabar,1
971,Haghighat,1
972,Aabade,1
973,Jahanshahi,1
974,Sajjadian,1
975,Khandan,1
976,Mehrabani,1
977,Shadman,1
978,Grawand,1
979,Omid,1
980,Young,1
981,Arbab,1
982,Ganage,1
983,Nabiza,1
984,Naji,1
985,Hadipour,1
986,Rasoul,1
987,Nabati,1
988,Babakhani,1
989,Morshedi,1
990,Khada,1
991,Tavana,1
992,Borjie,1
993,Safa,1
994,Dehnavi,1
995,Khalafi,1
996,Khaki,1
997,Salavati,1
998,Iranpour,1
999,Zamanian,1
1000,Dadgar,1
1001,Malmer,1
1002,Nasrollah,1
1003,Garcia,0
1004,Hernandez,0
1005,Rodriguez,0
1006,Lopez,0
1007,Martinez,0
1008,Gonzalez,0
1009,Smith,0
1010,Perez,0
1011,Johnson,0
1012,Sanchez,0
1013,Ramirez,0
1014,Williams,0
1015,Jones,0
1016,Brown,0
1017,Flores,0
1018,Torres,0
1019,Patel,0
1020,Cruz,0
1021,Gomez,0
1022,Diaz,0
1023,Rivera,0
1024,Reyes,0
1025,Morales,0
1026,Davis,0
1027,Lee,0
1028,Miller,0
1029,Ortiz,0
1030,Ramos,0
1031,Thomas,0
1032,Mendoza,0
1033,Castillo,0
1034,Gutierrez,0
1035,Ruiz,0
1036,Jackson,0
1037,Alvarez,0
1038,Jimenez,0
1039,Wilson,0
1040,Anderson,0
1041,Taylor,0
1042,Aguilar,0
1043,Castro,0
1044,Martin,0
1045,Chavez,0
1046,Romero,0
1047,Singh,0
1048,Moore,0
1049,White,0
1050,Harris,0
1051,Herrera,0
1052,Vasquez,0
1053,Mendez,0
1054,Moreno,0
1055,Thompson,0
1056,Vargas,0
1057,Medina,0
1058,Guzman,0
1059,Fernandez,0
1060,Lewis,0
1061,King,0
1062,Robinson,0
1063,Santos,0
1064,Marie,0
1065,Vazquez,0
1066,Walker,0
1067,Mejia,0
1068,Alvarado,0
1069,Silva,0
1070,Allen,0
1071,Salazar,0
1072,Nguyen,0
1073,Green,0
1074,Young,0
1075,Soto,0
1076,Clark,0
1077,Scott,0
1078,James,0
1079,Gonzales,0
1080,Contreras,0
1081,Rojas,0
1082,Wright,0
1083,Hall,0
1084,Khan,0
1085,Estrada,0
1086,Hill,0
1087,Kim,0
1088,Nelson,0
1089,Ortega,0
1090,Guerrero,0
1091,Maldonado,0
1092,Delgado,0
1093,Rios,0
1094,Adams,0
1095,Vega,0
1096,Garza,0
1097,Sandoval,0
1098,Carter,0
1099,Santiago,0
1100,Mitchell,0
1101,Luna,0
1102,Campbell,0
1103,Acosta,0
1104,Dominguez,0
1105,Juarez,0
1106,Espinoza,0
1107,Molina,0
1108,Baker,0
1109,Valdez,0
1110,Roberts,0
1111,Hernández,0
1112,Cabrera,0
1113,Edwards,0
1114,Joseph,0
1115,Ayala,0
1116,Munoz,0
1117,Rose,0
1118,Evans,0
1119,Fuentes,0
1120,Miranda,0
1121,Avila,0
1122,Parker,0
1123,Campos,0
1124,Love,0
1125,Stewart,0
1126,Turner,0
1127,Escobar,0
1128,Figueroa,0
1129,Shah,0
1130,Rivas,0
1131,Marquez,0
1132,Leon,0
1133,Phillips,0
1134,Nunez,0
1135,Padilla,0
1136,Lara,0
1137,Navarro,0
1138,Collins,0
1139,Cortez,0
1140,Morris,0
1141,Carrillo,0
1142,Bell,0
1143,Pineda,0
1144,Velasquez,0
1145,Morgan,0
1146,Murphy,0
1147,Rogers,0
1148,Solis,0
1149,Pena,0
1150,Ochoa,0
1151,Cooper,0
1152,Alexander,0
1153,Kelly,0
1154,Chen,0
1155,Rosales,0
1156,Peterson,0
1157,Bailey,0
1158,Santana,0
1159,Rodríguez,0
1160,Duran,0
1161,Robles,0
1162,Cook,0
1163,Ross,0
1164,Salinas,0
1165,Aguirre,0
1166,López,0
1167,Richardson,0
1168,Howard,0
1169,Brooks,0
1170,Arias,0
1171,Serrano,0
1172,Calderon,0
1173,Cardenas,0
1174,Gray,0
1175,Cervantes,0
1176,Suarez,0
1177,Wang,0
1178,Watson,0
1179,Bonilla,0
1180,Valencia,0
1181,Orozco,0
1182,Jordan,0
1183,Guerra,0
1184,Franco,0
1185,Reed,0
1186,Pacheco,0
1187,Sosa,0
1188,Velazquez,0
1189,García,0
1190,Bennett,0
1191,González,0
1192,Ward,0
1193,Camacho,0
1194,Kumar,0
1195,Sanders,0
1196,Li,0
1197,Andrade,0
1198,Washington,0
1199,Bautista,0
1200,Barrera,0
1201,Coleman,0
1202,Foster,0
1203,Mora,0
1204,Tran,0
1205,Wong,0
1206,Wood,0
1207,Price,0
1208,Lynn,0
1209,Ibarra,0
1210,Jenkins,0
1211,Black,0
1212,Powell,0
1213,Butler,0
1214,Cox,0
1215,Henderson,0
1216,Barnes,0
1217,Peña,0
1218,Martínez,0
1219,Henry,0
1220,Gordon,0
1221,Nicole,0
1222,Perry,0
1223,Long,0
1224,Salas,0
1225,Hughes,0
1226,Cortes,0
1227,Russell,0
1228,Guevara,0
1229,Kaur,0
1230,Benitez,0
1231,Portillo,0
1232,Cole,0
1233,Sullivan,0
1234,Roman,0
1235,Simmons,0
1236,West,0
1237,Chan,0
1238,Graham,0
1239,Wallace,0
1240,Hamilton,0
1241,George,0
1242,Villa,0
1243,Zamora,0
1244,Villanueva,0
1245,Montoya,0
1246,Lozano,0
1247,Ford,0
1248,Rosario,0
1249,Woods,0
1250,Patterson,0
1251,Melendez,0
1252,Zavala,0
1253,Fisher,0
1254,Murray,0
1255,Meza,0
1256,Myers,0
1257,Sharma,0
1258,Ellis,0
1259,Marshall,0
1260,Grant,0
1261,Palacios,0
1262,Villarreal,0
1263,Beltran,0
1264,Rubio,0
1265,Amaya,0
1266,Bryant,0
1267,Rangel,0
1268,Griffin,0
1269,Tapia,0
1270,Ann,0
1271,Ponce,0
1272,Paul,0
1273,Harrison,0
1274,Hayes,0
1275,Reynolds,0
1276,Muñoz,0
1277,Macias,0
1278,Hunter,0
1279,Ray,0
1280,Freeman,0
1281,John,0
1282,Acevedo,0
1283,Kennedy,0
1284,Stevens,0
1285,Liu,0
1286,Valenzuela,0
1287,Orellana,0
1288,Mercado,0
1289,Ventura,0
1290,Marin,0
1291,De Leon,0
1292,Charles,0
1293,Park,0
1294,Mcdonald,0
1295,Montes,0
1296,Cohen,0
1297,Trujillo,0
1298,Gibson,0
1299,Rosas,0
1300,Reddy,0
1301,Zuniga,0
1302,De La Cruz,0
1303,Moran,0
1304,Ryan,0
1305,Stone,0
1306,Rocha,0
1307,Zhang,0
1308,Blanco,0
1309,Wells,0
1310,Peralta,0
1311,Elizabeth,0
1312,Murillo,0
1313,Dixon,0
1314,Colon,0
1315,Bravo,0
1316,Velez,0
1317,Porter,0
1318,Duarte,0
1319,Jean,0
1320,Palmer,0
1321,Pierre,0
1322,Shaw,0
1323,Tucker,0
1324,Gallegos,0
1325,Owens,0
1326,Mason,0
1327,Quintero,0
1328,Castaneda,0
1329,Trejo,0
1330,Arellano,0
1331,Banks,0
1332,Simpson,0
1333,Pérez,0
1334,Holmes,0
1335,Salgado,0
1336,Villegas,0
1337,Crawford,0
1338,Daniels,0
1339,Galvan,0
1340,Cisneros,0
1341,Huerta,0
1342,Mata,0
1343,Osorio,0
1344,Olson,0
1345,Fox,0
1346,Reid,0
1347,Daniel,0
1348,Nava,0
1349,Lucas,0
1350,Robertson,0
1351,Alfaro,0
1352,Lawrence,0
1353,Richards,0
1354,Arroyo,0
1355,Knight,0
1356,Webb,0
1357,Mills,0
1358,Burns,0
1359,David,0
1360,Yang,0
1361,Cardona,0
1362,Matthews,0
1363,Warren,0
1364,Corona,0
1365,Cuevas,0
1366,Hunt,0
1367,Boyd,0
1368,Le,0
1369,Spencer,0
1370,Medrano,0
1371,Paz,0
1372,Dunn,0
1373,Sánchez,0
1374,Hawkins,0
1375,Lemus,0
1376,Davila,0
1377,Bernal,0
1378,Armstrong,0
1379,Ramírez,0
1380,Ferguson,0
1381,Cano,0
1382,Nuñez,0
1383,Lin,0
1384,Payne,0
1385,Parra,0
1386,Franklin,0
1387,Hansen,0
1388,Andrews,0
1389,Lane,0
1390,Barajas,0
1391,Gill,0
1392,Rice,0
1393,Gardner,0
1394,Hicks,0
1395,Angel,0
1396,Lugo,0
1397,Stephens,0
1398,Cantu,0
1399,Wu,0
1400,Meyer,0
1401,Cunningham,0
1402,Simon,0
1403,Duncan,0
1404,Berry,0
1405,Barrios,0
1406,Riley,0
1407,May,0
1408,Hart,0
1409,Hudson,0
1410,Peters,0
1411,Correa,0
1412,Valle,0
1413,Sierra,0
1414,Zapata,0
1415,Esquivel,0
1416,Baez,0
1417,Chang,0
1418,Alonso,0
1419,Greene,0
1420,Kelley,0
1421,Francis,0
1422,Anthony,0
1423,Jacobs,0
1424,Galindo,0
1425,Gupta,0
1426,Felix,0
1427,Michael,0
1428,Vera,0
1429,Austin,0
1430,Clarke,0
1431,Cordova,0
1432,Castellanos,0
1433,Bradley,0
1434,Espinosa,0
1435,Wagner,0
1436,Villalobos,0
1437,Elliott,0
1438,Rosa,0
1439,Avalos,0
1440,Sims,0
1441,Trevino,0
1442,Morrison,0
1443,Schmidt,0
1444,Willis,0
1445,Perkins,0
1446,Douglas,0
1447,Jensen,0
1448,Burke,0
1449,Oliver,0
1450,Pierce,0
1451,Carroll,0
1452,Nichols,0
1453,Jay,0
1454,Leal,0
1455,Esparza,0
1456,Gil,0
1457,Watkins,0
1458,Enriquez,0
1459,Velasco,0
1460,Arnold,0
1461,Harper,0
1462,Argueta,0
1463,Pereira,0
1464,Huang,0
1465,Obrien,0
1466,Larson,0
1467,Tovar,0
1468,Day,0
1469,Johnston,0
1470,Lynch,0
1471,Carr,0
1472,Caballero,0
1473,Carlson,0
1474,Hassan,0
1475,Paredes,0
1476,Aguilera,0
1477,Snyder,0
1478,Dean,0
1479,Chapman,0
1480,Guillen,0
1481,Montgomery,0
1482,Rodrigues,0
1483,Gallardo,0
1484,Antonio,0
1485,Deleon,0
1486,Harvey,0
1487,Carranza,0
1488,Jose,0
1489,Maria,0
1490,Reyna,0
1491,Hanson,0
1492,Wheeler,0
1493,Gilbert,0
1494,Walsh,0
1495,Polanco,0
1496,Hoffman,0
1497,Burton,0
1498,Davidson,0
1499,Weaver,0
1500,Louis,0
1501,Newman,0
1502,Nieves,0
1503,Zepeda,0
1504,Lawson,0
1505,Hurtado,0
1506,Mann,0
1507,Cordero,0
1508,Leyva,0
1509,Jaramillo,0
1510,Quintana,0
1511,Barrett,0
1512,Yu,0
1513,Mccoy,0
1514,Carpenter,0
1515,Pearson,0
1516,Granados,0
1517,Fuller,0
1518,Arevalo,0
1519,Bishop,0
1520,Wade,0
1521,Williamson,0
1522,Michelle,0
1523,Carmona,0
1524,Mack,0
1525,Canales,0
1526,Varela,0
1527,Fields,0
1528,Walters,0
1529,Quiroz,0
1530,Olvera,0
1531,Oliveira,0
1532,Abreu,0
1533,Segura,0
1534,Kay,0
1535,Schwartz,0
1536,Brito,0
1537,Curtis,0
1538,Solano,0
1539,Becerra,0
1540,Lam,0
1541,Saenz,0
1542,Howell,0
1543,Desai,0
1544,Lima,0
1545,Blake,0
1546,Gómez,0
1547,Pham,0
1548,Hidalgo,0
1549,Gamez,0
1550,Chambers,0
1551,Gomes,0
1552,Quintanilla,0
1553,Ferreira,0
1554,Chacon,0
1555,Marroquin,0
1556,Soriano,0
1557,Klein,0
1558,Carlos,0
1559,Batista,0
1560,Garrett,0
1561,Espinal,0
1562,Quezada,0
1563,Burgos,0
1564,Page,0
1565,Weber,0
1566,Schneider,0
1567,Linares,0
1568,Saucedo,0
1569,Olivares,0
1570,Ocampo,0
1571,Bermudez,0
1572,Fonseca,0
1573,Carrasco,0
1574,Welch,0
1575,Frank,0
1576,Choi,0
1577,Luis,0
1578,Coronado,0
1579,De Jesus,0
1580,Lopes,0
1581,Rico,0
1582,Reynoso,0
1583,Amador,0
1584,Man,0
1585,Palma,0
1586,Miles,0
1587,Craig,0
1588,Valdes,0
1589,Bates,0
1590,Aquino,0
1591,Machado,0
1592,Lowe,0
1593,Beck,0
1594,Aleman,0
1595,Barron,0
1596,Ho,0
1597,Benson,0
1598,Navarrete,0
1599,De La Rosa,0
1600,Steele,0
1601,Barnett,0
1602,Ibrahim,0
1603,Dawson,0
1604,Hardy,0
1605,Watts,0
1606,Keller,0
1607,Hopkins,0
1608,Fowler,0
1609,Escalante,0
1610,Escobedo,0
1611,Roy,0
1612,Dennis,0
1613,Aviles,0
1614,Terry,0
1615,Holland,0
1616,Frazier,0
1617,Costa,0
1618,Quinn,0
1619,Leonard,0
1620,Lambert,0
1621,Uribe,0
1622,Haynes,0
1623,Byrd,0
1624,Fleming,0
1625,Bowman,0
1626,Galvez,0
1627,Montero,0
1628,Oconnor,0
1629,Wolf,0
1630,Mccarthy,0
1631,Little,0
1632,Nieto,0
1633,Arredondo,0
1634,Mena,0
1635,Matos,0
1636,Zelaya,0
1637,Jennings,0
1638,Caldwell,0
1639,Madrid,0
1640,Prado,0
1641,Schultz,0
1642,Sutton,0
1643,Fletcher,0
1644,Neal,0
1645,Abraham,0
1646,Gee,0
1647,Stanley,0
1648,Curry,0
1649,Rosado,0
1650,Erickson,0
1651,Romo,0
1652,Ma,0
1653,Grace,0
1654,Ng,0
1655,Tejada,0
1656,Powers,0
1657,Jiménez,0
1658,Henriquez,0
1659,Christensen,0
1660,Madrigal,0
1661,Araujo,0
1662,Tellez,0
1663,Renee,0
1664,Lyons,0
1665,Jain,0
1666,Lu,0
1667,Gregory,0
1668,Warner,0
1669,Rhodes,0
1670,Rahman,0
1671,Manuel,0
1672,Moss,0
1673,Carbajal,0
1674,Godinez,0
1675,Bustamante,0
1676,Norris,0
1677,Becker,0
1678,Levy,0
1679,Blair,0
1680,Brewer,0
1681,Malik,0
1682,Logan,0
1683,Ojeda,0
1684,Arteaga,0
1685,Cummings,0
1686,Elias,0
1687,Francisco,0
1688,Patrick,0
1689,Pimentel,0
1690,Barber,0
1691,Graves,0
1692,Horton,0
1693,Mckenzie,0
1694,Parks,0
1695,Mehta,0
1696,Junior,0
1697,Anne,0
1698,Ball,0
1699,Stevenson,0
1700,Magana,0
1701,Dee,0
1702,Bush,0
1703,Zarate,0
1704,Gutiérrez,0
1705,Holt,0
1706,Barker,0
1707,Tyler,0
1708,Tate,0
1709,Betancourt,0
1710,Cuellar,0
1711,Monroe,0
1712,Lim,0
1713,Lorenzo,0
1714,Benavides,0
1715,Reeves,0
1716,Reese,0
1717,Chandler,0
1718,Benjamin,0
1719,Castañeda,0
1720,Walton,0
1721,Goodman,0
1722,Higgins,0
1723,Vaughn,0
1724,Alonzo,0
1725,Oliva,0
1726,Chung,0
1727,Vela,0
1728,Thornton,0
1729,Garner,0
1730,Tan,0
1731,Renteria,0
1732,Baldwin,0
1733,Hale,0
1734,Gabriel,0
1735,Vidal,0
1736,Lucero,0
1737,Montalvo,0
1738,Casillas,0
1739,Pinto,0
1740,Bee,0
1741,Quinones,0
1742,Saldana,0
1743,Hines,0
1744,Mckinney,0
1745,Prince,0
1746,Dias,0
1747,Flowers,0
1748,Souza,0
1749,Saunders,0
1750,Savage,0
1751,Swanson,0
1752,Mcdaniel,0
1753,Richard,0
1754,Cross,0
1755,Anaya,0
1756,Yanez,0
1757,Shelton,0
1758,Bello,0
1759,Maxwell,0
1760,Arce,0
1761,Goodwin,0
1762,Solomon,0
1763,Rich,0
1764,Alarcon,0
1765,Najera,0
1766,Fitzgerald,0
1767,Bowen,0
1768,Griffith,0
1769,Sherman,0
1770,Mcgee,0
1771,Almonte,0
1772,Newton,0
1773,Serna,0
1774,Rodgers,0
1775,Weiss,0
1776,Gross,0
1777,Manning,0
1778,Mateo,0
1779,Barrientos,0
1780,Todd,0
1781,Zambrano,0
1782,Moon,0
1783,Cheng,0
1784,Sharp,0
1785,Webster,0
1786,Toledo,0
1787,Bryan,0
1788,Saavedra,0
1789,Barragan,0
1790,Hinojosa,0
1791,Cannon,0
1792,Rowe,0
1793,Brady,0
1794,Gallagher,0
1795,Malone,0
1796,Sotelo,0
1797,Marrero,0
1798,Arreola,0
1799,Christian,0
1800,Rodas,0
1801,Arriaga,0
1802,Wolfe,0
1803,Robbins,0
1804,Vincent,0
1805,Miguel,0
1806,Noel,0
1807,Giron,0
1808,Jefferson,0
1809,Venegas,0
1810,Tang,0
1811,Ramsey,0
1812,Ingram,0
1813,Samuel,0
1814,Queen,0
1815,Michel,0
1816,Doyle,0
1817,Tejeda,0
1818,Huynh,0
1819,Barry,0
1820,Houston,0
1821,Muniz,0
1822,Glover,0
1823,Fischer,0
1824,Urbina,0
1825,Monroy,0
1826,Waters,0
1827,Mclaughlin,0
1828,Villatoro,0
1829,Prieto,0
1830,Jaimes,0
1831,Gibbs,0
1832,Roque,0
1833,Vicente,0
1834,Townsend,0
1835,Valadez,0
1836,Juan,0
1837,Salcedo,0
1838,Snow,0
1839,Lloyd,0
1840,Cameron,0
1841,Mota,0
1842,Burgess,0
1843,Hampton,0
1844,Sun,0
1845,Hanna,0
1846,Kane,0
1847,Perdomo,0
1848,Casey,0
1849,Hubbard,0
1850,Resendiz,0
1851,Sam,0
1852,Xu,0
1853,Fajardo,0
1854,Lang,0
1855,Pulido,0
1856,Paulino,0
1857,Norman,0
1858,Rendon,0
1859,Vallejo,0
1860,Chavarria,0
1861,Olsen,0
1862,Kang,0
1863,Han,0
1864,Carrera,0
1865,Buchanan,0
1866,Escamilla,0
1867,Jacob,0
1868,Bueno,0
1869,Casas,0
1870,Drake,0
1871,Wise,0
1872,Otero,0
1873,Hodges,0
1874,Rao,0
1875,Joe,0
1876,Nash,0
1877,Lau,0
1878,Crespo,0
1879,Pope,0
1880,Hammond,0
1881,Patton,0
1882,Flynn,0
1883,Pratt,0
1884,Fernandes,0
1885,Ashley,0
1886,Barbosa,0
1887,Marsh,0
1888,Ulloa,0
1889,Mathew,0
1890,Gamboa,0
1891,Aragon,0
1892,Guardado,0
1893,Caceres,0
1894,De La Torre,0
1895,Cain,0
1896,Stokes,0
1897,Harmon,0
1898,Lo,0
1899,Bernard,0
1900,Montano,0
1901,Lazo,0
1902,Potter,0
1903,Russo,0
1904,Ornelas,0
1905,Barahona,0
1906,Petersen,0
1907,Kramer,0
1908,Zimmerman,0
1909,Almeida,0
1910,Larsen,0
1911,Aranda,0
1912,Heredia,0
1913,Barraza,0
1914,Martines,0
1915,Burnett,0
1916,Wilkins,0
1917,Friedman,0
1918,Sarmiento,0
1919,Frias,0
1920,Guzmán,0
1921,Valladares,0
1922,Mcbride,0
1923,Cho,0
1924,Estrella,0
1925,Hood,0
1926,Hogan,0
1927,Zaragoza,0
1928,Sepulveda,0
1929,Sparks,0
1930,Cornejo,0
1931,Melgar,0
1932,Summers,0
1933,Feliciano,0
1934,Nolasco,0
1935,Carson,0
1936,Rincon,0
1937,Pagan,0
1938,Barton,0
1939,Chase,0
1940,Menjivar,0
1941,Lindsey,0
1942,Ledesma,0
1943,Ordonez,0
1944,Valentin,0
1945,French,0
1946,Merino,0
1947,Clayton,0
1948,Montiel,0
1949,Morton,0
1950,Angeles,0
1951,Ferrer,0
1952,Bond,0
1953,Bass,0
1954,Oneill,0
1955,Marks,0
1956,Roth,0
1957,Leigh,0
1958,Amin,0
1959,Mathews,0
1960,Vergara,0
1961,Tamayo,0
1962,Rae,0
1963,Owen,0
1964,Small,0
1965,Moya,0
1966,Floyd,0
1967,Garay,0
1968,Katz,0
1969,Parsons,0
1970,Harrington,0
1971,Balderas,0
1972,Shepherd,0
1973,William,0
1974,Bruce,0
1975,Moody,0
1976,Bauer,0
1977,Naranjo,0
1978,Gates,0
1979,Mcguire,0
1980,Cobb,0
1981,Muhammad,0
1982,Alberto,0
1983,Dejesus,0
1984,Aparicio,0
1985,Leiva,0
1986,Farmer,0
1987,Salvador,0
1988,Delacruz,0
1989,Alcantara,0
1990,Bruno,0
1991,Ceballos,0
1992,Torrez,0
1993,Solorzano,0
1994,Stein,0
1995,Mueller,0
1996,Rivers,0
1997,Osborne,0
1998,Bradford,0
1999,Conner,0
2000,Cazares,0
2001,Chowdhury,0
2002,Mac,0
