,,,
Mohammadi,1,,
Hosseini,1,,
Ahmadi,1,,
Ali,1,,
Moradi,1,,
Heydari,1,,
Karimi,1,,
Mousavi,1,,
Jafari,1,,
Mohammad,1,,
Pour,1,,
Ghasemi,1,,
Rahimi,1,,
Ebrahimi,1,,
Sadeghi,1,,
Abbasi,1,,
Gholami,1,,
Akbari,1,,
Asadi,1,,
Zare,1,,
Mahmoudi,1,,
Ghorbani,1,,
Bagheri,1,,
Amiri,1,,
Kazemi,1,,
Zarei,1,,
Haji,1,,
Hashemi,1,,
Nouri,1,,
Yousefi,1,,
Alizadeh,1,,
Esmaeili,1,,
Rezaei,1,,
Salehi,1,,
Nazari,1,,
Mir,1,,
Razaee,1,,
Norouzi,1,,
Shah,1,,
Soleimani,1,,
Sharifi,1,,
Karami,1,,
Rahmani,1,,
Azizi,1,,
Rostami,1,,
Najafi,1,,
Safari,1,,
Amini,1,,
Soltani,1,,
Taheri,1,,
Ramezani,1,,
Razaie,1,,
Khosravi,1,,
Bahrami,1,,
Abdollahi,1,,
Mirzaei,1,,
Zamani,1,,
Dehghani,1,,
Maleki,1,,
Hasani,1,,
Ghanbari,1,,
Fathi,1,,
Hosseinzadeh,1,,
Rajabi,1,,
Abdi,1,,
Dehghan,1,,
Saeedi,1,,
Shabani,1,,
Hossein,1,,
Abbas,1,,
Mansouri,1,,
Asgari,1,,
Ranjbar,1,,
Naderi,1,,
Arab,1,,
Nassiri,1,,
Salimi,1,,
Sheikh,1,,
Jalali,1,,
Lotfi,1,,
Khalili,1,,
Habibi,1,,
Mohammadzadeh,1,,
Shafiee,1,,
Fallah,1,,
Goodarzi,1,,
Rashidi,1,,
Ghaffari,1,,
Eskandari,1,,
Rigi,1,,
Nasseri,1,,
Salari,1,,
Kiani,1,,
Tavakoli,1,,
Rasooli,1,,
Babaei,1,,
Azimi,1,,
Ghaderi,1,,
Bayat,1,,
,1,,
Mirzaie,1,,
Nemati,1,,
Kamali,1,,
Shojaei,1,,
Ansari,1,,
Talebi,1,,
Mokhtari,1,,
Reza,1,,
Shahbazi,1,,
Yazdani,1,,
Mahdi,1,,
Khani,1,,
Hatami,1,,
Asghari,1,,
Faraji,1,,
Mahdavi,1,,
Hasanza,1,,
Amir,1,,
Reyesi,1,,
Jamshidi,1,,
Abedi,1,,
Jamali,1,,
Rafiee,1,,
Alipour,1,,
Seyed,1,,
Hassanpour,1,,
Hosseinpour,1,,
Bakhtiari,1,,
Hassan,1,,
Allah,1,,
Teimouri,1,,
Rahmati,1,,
Tajik,1,,
Ebadi,1,,
Keshavarz,1,,
Masoumi,1,,
Khazaei,1,,
Ahmad,1,,
Salmani,1,,
Samadi,1,,
Farhadi,1,,
Mohseni,1,,
Sohrabi,1,,
Babaee,1,,
Torabi,1,,
Hamidi,1,,
Islami,1,,
Bani,1,,
Shokri,1,,
Mohammadian,1,,
Momeni,1,,
Malek,1,,
Bakhshi,1,,
Abdollah,1,,
Javadi,1,,
Yoqobe,1,,
Imani,1,,
Askari,1,,
Panahi,1,,
Barati,1,,
Khan,1,,
Davoodi,1,,
Haj,1,,
Khademi,1,,
Moghadam,1,,
Hemati,1,,
Darvishi,1,,
Khajeh,1,,
Barzegar,1,,
Saberi,1,,
Azadi,1,,
Kargar,1,,
Gul,1,,
Izadi,1,,
Seyyed,1,,
Hasan,1,,
Tahmasbi,1,,
Amani,1,,
Sheikhi,1,,
Baloch,1,,
Hassanzadeh,1,,
Shir,1,,
Ataei,1,,
Gholam,1,,
Ghahramani,1,,
Mozaffari,1,,
Jalili,1,,
Shakeri,1,,
Emami,1,,
Aliza,1,,
Jabbari,1,,
Hajizadeh,1,,
Shamsi,1,,
Zakeri,1,,
Fattahi,1,,
Sari,1,,
Shiri,1,,
Zahedi,1,,
Qale,1,,
Mohebbi,1,,
,1,,
Brahouei,1,,
Dashti,1,,
Nik,1,,
Shams,1,,
Khodadadi,1,,
Ahmadzadeh,1,,
Narouei,1,,
Noor,1,,
Afshari,1,,
Mehrabi,1,,
Fallahi,1,,
Jahangiri,1,,
Cheraghi,1,,
Mirie,1,,
Afshar,1,,
Seifi,1,,
Yari,1,,
Taqe,1,,
Jahan,1,,
Omidi,1,,
Khosh,1,,
Bahmani,1,,
Arabi,1,,
Majidi,1,,
Agha,1,,
Mahdizadeh,1,,
Mahmoud,1,,
Shahi,1,,
Azad,1,,
Shahriari,1,,
Jahani,1,,
Abdul,1,,
Jafarzadeh,1,,
Ahmadian,1,,
The,1,,
Jokar,1,,
Fazeli,1,,
Karim,1,,
Sarani,1,,
Kareme,1,,
Mehri,1,,
Gholipour,1,,
Mirza,1,,
Ghareh,1,,
Abedini,1,,
Firoozi,1,,
Akbar,1,,
Saleh,1,,
Zanganeh,1,,
Abdoli,1,,
Baba,1,,
Sajjadi,1,,
Piri,1,,
Davari,1,,
Zandi,1,,
Mohammadpour,1,,
Akbarzadeh,1,,
Esfandiari,1,,
Vakili,1,,
Ghafouri,1,,
Hadi,1,,
Ashouri,1,,
Molaei,1,,
Souri,1,,
Nejad,1,,
Mashhadi,1,,
Nosrati,1,,
Jafar,1,,
Mardani,1,,
Farrokhi,1,,
Abbaspour,1,,
Bameri,1,,
Kalantari,1,,
Aslani,1,,
Fatemi,1,,
Karimian,1,,
Saeed,1,,
Roshan,1,,
Ahmadpour,1,,
Saadat,1,,
Khodabandeh,1,,
Sadegh,1,,
Ashrafi,1,,
Darabi,1,,
Khaleghi,1,,
Amin,1,,
Saatati,1,,
Karimzadeh,1,,
Taghipour,1,,
Gholizadeh,1,,
Vahedi,1,,
Razoe,1,,
Ghobadi,1,,
Taghi,1,,
Rabieh,1,,
Ebrahim,1,,
Khairi,1,,
Sayyadi,1,,
Rezazadeh,1,,
Sharafi,1,,
,1,,
Masoudi,1,,
Hedayati,1,,
Nasiri,1,,
Eftekhari,1,,
Bagherzadeh,1,,
Fouladi,1,,
Shirvani,1,,
Yavari,1,,
Xoalafaqare,1,,
Aqa,1,,
Esmaeilzadeh,1,,
Bahari,1,,
Ebrahimzadeh,1,,
Abase,1,,
Khadem,1,,
Goli,1,,
Azar,1,,
Latifi,1,,
Fatehi,1,,
Almasi,1,,
Arbabi,1,,
Feze,1,,
Aloe,1,,
Roohi,1,,
Rouhani,1,,
Sobhani,1,,
Darvish,1,,
Taghizadeh,1,,
Balochi,1,,
Bahadori,1,,
Afzali,1,,
Madadi,1,,
Zeinali,1,,
Hosein,1,,
Beheshti,1,,
Maghsoudi,1,,
Naimi,1,,
Sharif,1,,
Salhe,1,,
Shahrakie,1,,
Seyyedi,1,,
Safi,1,,
Sabouri,1,,
Parsa,1,,
Haddadi,1,,
Fadaei,1,,
Rastegar,1,,
Niazi,1,,
Bigdeli,1,,
Faramarzi,1,,
Valipour,1,,
Saedi,1,,
Razavi,1,,
Mortazavi,1,,
Moradian,1,,
Kohi,1,,
Safaei,1,,
Ale,1,,
Ghan,1,,
Danesh,1,,
Zahir,1,,
Abbasian,1,,
Sadat,1,,
Esmaeil,1,,
Moazami,1,,
Fazli,1,,
Pashaei,1,,
Ganji,1,,
Ezzati,1,,
Khorasani,1,,
Mullaei,1,,
Sadiqi,1,,
Tayebi,1,,
Khorrami,1,,
Ahayi,1,,
Nejat,1,,
Ameri,1,,
Bashiri,1,,
Farzaneh,1,,
Khorshidi,1,,
Fath,1,,
Barani,1,,
Sadeghian,1,,
Taqoe,1,,
Eslami,1,,
Sattari,1,,
Yousef,1,,
Dares,1,,
Valiza,1,,
Sotoudeh,1,,
Beigi,1,,
Moslem,1,,
Ramadan,1,,
Shahabi,1,,
Ahadi,1,,
Morad,1,,
Vaziri,1,,
Derakhshan,1,,
Pir,1,,
Pak,1,,
Sadri,1,,
Ehsani,1,,
Gharibi,1,,
Yar,1,,
Veysi,1,,
Jan,1,,
Mullah,1,,
Kaviani,1,,
Rahim,1,,
Kabiri,1,,
Hamzeh,1,,
Yousefzadeh,1,,
Tabatabaei,1,,
Yeganeh,1,,
Zarrin,1,,
Parviz,1,,
Asad,1,,
Razaghi,1,,
Mostafavi,1,,
Sedaghat,1,,
Haqeqe,1,,
Gol,1,,
Alaei,1,,
Salemi,1,,
Hassani,1,,
Shaban,1,,
Qorishi,1,,
Mollaei,1,,
Darazadh,1,,
Maliki,1,,
Rahimzadeh,1,,
Behzadi,1,,
Shahsavari,1,,
Shokouhi,1,,
Esmail,1,,
Jafarian,1,,
Papi,1,,
Shariati,1,,
Khazari,1,,
Khaledi,1,,
Emadi,1,,
Golestani,1,,
Sufi,1,,
Mostafa,1,,
Mansour,1,,
Rahnama,1,,
Nabi,1,,
Houshmand,1,,
Biranvand,1,,
Foroughi,1,,
Mazaheri,1,,
Zeynli,1,,
Moini,1,,
Dolat,1,,
Rezaeian,1,,
Qademe,1,,
Heydarzadeh,1,,
Nick,1,,
Sayyah,1,,
Hakimi,1,,
Gholamzadeh,1,,
Naghdi,1,,
Seif,1,,
Isa,1,,
Aziz,1,,
Sepahi,1,,
Bayrami,1,,
Shakouri,1,,
Rostam,1,,
Javan,1,,
Karimpour,1,,
Pahlavan,1,,
Valizadeh,1,,
Dostami,1,,
Khadri,1,,
Sahraie,1,,
Rashid,1,,
Nasr,1,,
Lak,1,,
Motamedi,1,,
Sake,1,,
Seyedi,1,,
Bayati,1,,
Hashem,1,,
Khodai,1,,
Shirazi,1,,
Hamid,1,,
Omrani,1,,
Farahani,1,,
Farahmand,1,,
Salamat,1,,
Asakereh,1,,
Ghasemzadeh,1,,
Madani,1,,
Montazeri,1,,
Ahamade,1,,
Moghaddasi,1,,
Fereydouni,1,,
Ghorbanzadeh,1,,
Jafarpour,1,,
Reyhani,1,,
Sarlak,1,,
Rakhshani,1,,
Siah,1,,
Chopani,1,,
Vale,1,,
Yazdi,1,,
Hajian,1,,
Javid,1,,
Aghaei,1,,
Roshani,1,,
Jamal,1,,
Taghavi,1,,
Samimi,1,,
Kermani,1,,
Edi,1,,
Shirzad,1,,
Safar,1,,
Nazeri,1,,
Deh,1,,
Rabbani,1,,
Yazdanpanah,1,,
Akrami,1,,
Mahmoudian,1,,
Eqbali,1,,
Akhlaghi,1,,
Sultan,1,,
Badri,1,,
Khorram,1,,
Khavari,1,,
Bahram,1,,
Razoane,1,,
Eshaghi,1,,
Alikhani,1,,
Jaberi,1,,
Nakhai,1,,
Davood,1,,
Hazrati,1,,
Hafezi,1,,
Zafari,1,,
Heydar,1,,
Hayati,1,,
Heydariyan,1,,
Imam,1,,
Vali,1,,
Vatan,1,,
Akhavan,1,,
Gharib,1,,
Gohari,1,,
Zand,1,,
Baoe,1,,
Shakari,1,,
Yarahmadi,1,,
Nikbakht,1,,
Ebrahimpour,1,,
Dadashi,1,,
Asadollahi,1,,
Shahidi,1,,
Heshmati,1,,
Mostafaei,1,,
Aaqaee,1,,
Boroumand,1,,
Abdolmaleki,1,,
Kaveh,1,,
Etemadi,1,,
Mashayekhi,1,,
Shibani,1,,
Safavi,1,,
Jedghal,1,,
Eliasi,1,,
Safdari,1,,
Ghazi,1,,
Najari,1,,
Tavassoli,1,,
Ghasempour,1,,
Safarzadeh,1,,
Noori,1,,
Aaqaie,1,,
Shahnavazi,1,,
Rousta,1,,
Bahman,1,,
Vahidi,1,,
Aghajani,1,,
Safaie,1,,
Torkashvand,1,,
Asadzadeh,1,,
Nikoo,1,,
Basiri,1,,
Davoudi,1,,
Keshavarzi,1,,
Tarak,1,,
Moradpour,1,,
Zadeh,1,,
Hashemzadeh,1,,
Asgharzadeh,1,,
Nabavi,1,,
Saber,1,,
Hamedi,1,,
Nasri,1,,
Parvin,1,,
Salar,1,,
Kashani,1,,
Habib,1,,
Mousazadeh,1,,
Azami,1,,
Ghorbanpour,1,,
Jalilian,1,,
Sadeghzadeh,1,,
Narimani,1,,
Xabehe,1,,
Nadi,1,,
Yaghobi,1,,
Kakavand,1,,
Bagherian,1,,
Zahiri,1,,
Salangi,1,,
Rezapour,1,,
Dost,1,,
Babazadeh,1,,
Sepehri,1,,
Taher,1,,
Khodayari,1,,
Malekpour,1,,
Ghazanfari,1,,
Vafaie,1,,
Fakhri,1,,
Mehraban,1,,
Dehvari,1,,
Kia,1,,
Akbarian,1,,
Ghane,1,,
Eshghi,1,,
Abolhassani,1,,
Javaheri,1,,
Haddad,1,,
Hojjat,1,,
Shahmoradi,1,,
Khalaj,1,,
Hesari,1,,
Chegini,1,,
Mahrami,1,,
Karad,1,,
Rahmanian,1,,
Kazem,1,,
Iran,1,,
Younessi,1,,
Gholampour,1,,
Nazemi,1,,
Daneshvar,1,,
Rasti,1,,
Pudineh,1,,
Shoja,1,,
Beit,1,,
Ghasemian,1,,
Hadian,1,,
Sanjari,1,,
Dolati,1,,
Hemmati,1,,
Maroufi,1,,
Khodabakhshie,1,,
Jalil,1,,
Alavi,1,,
Nissi,1,,
Azhdari,1,,
Hoshyar,1,,
Qalandari,1,,
Reyahi,1,,
Taherkhani,1,,
Anvari,1,,
Zeaie,1,,
Rahimian,1,,
Yazdan,1,,
Moradzadeh,1,,
Manouchehri,1,,
Ranjibari,1,,
Rezvani,1,,
Nasari,1,,
Irani,1,,
Hussein,1,,
Ullah,1,,
Saadi,1,,
Hejazi,1,,
Qomari,1,,
Nami,1,,
Rajaei,1,,
Yadgari,1,,
Sanchulli,1,,
Akhundi,1,,
Falahati,1,,
Mousavian,1,,
Malekzah,1,,
Karam,1,,
Mehr,1,,
Erfani,1,,
Qaide,1,,
Rahimpour,1,,
Herati,1,,
Mousa,1,,
Tabatabai,1,,
Khalil,1,,
Dasat,1,,
Molavi,1,,
Sayyad,1,,
Enayati,1,,
Nasrollahi,1,,
Ghorban,1,,
Arefi,1,,
Zolfaghari,1,,
Fahimi,1,,
Habibzadeh,1,,
Shaker,1,,
Mirzadeh,1,,
Kazemzadeh,1,,
Farhani,1,,
Kamal,1,,
Sedghi,1,,
Majid,1,,
Amraei,1,,
Qadere,1,,
Khatami,1,,
Sadaty,1,,
Mafi,1,,
Sarhadi,1,,
Jani,1,,
Movahedi,1,,
Yousefpour,1,,
Maqeme,1,,
Haqi,1,,
Hosseinian,1,,
Al-Boghbish,1,,
Dadkhah,1,,
Sajedi,1,,
Minaei,1,,
Samiei,1,,
Fotouhi,1,,
Khaksar,1,,
Bostani,1,,
Aali,1,,
Saffari,1,,
Gholamian,1,,
Frootan,1,,
Arjmand,1,,
Nezami,1,,
Fayazi,1,,
Namdari,1,,
Khodaie,1,,
Kalateh,1,,
Soleiman,1,,
Zaheri,1,,
Sergasi,1,,
Amirian,1,,
Behrouzi,1,,
Nematollah,1,,
Dalvand,1,,
Monfared,1,,
Qasemi,1,,
Ramezanzadeh,1,,
Koolivand,1,,
Javanmard,1,,
Turkman,1,,
Beyk,1,,
Razmi,1,,
Taherian,1,,
Momen,1,,
Tohidi,1,,
Aghazadeh,1,,
Qasem,1,,
Ghare,1,,
Yousefian,1,,
Zangi,1,,
Mhabobe,1,,
Reisi,1,,
Lakzai,1,,
Roozbehani,1,,
Ebrahimian,1,,
Hemmat,1,,
Ghease,1,,
Behnam,1,,
Safarpour,1,,
Farah,1,,
Azari,1,,
Kamrani,1,,
Rahman,1,,
Deliri,1,,
Najaf,1,,
Azizzadeh,1,,
Kurdie,1,,
Hasanwand,1,,
Afkhami,1,,
Gorji,1,,
Esmaeilpour,1,,
Ayoub,1,,
Amjadi,1,,
Roustai,1,,
Sidi,1,,
Ahmadvand,1,,
Karamati,1,,
Abdollahzadeh,1,,
Farahi,1,,
Soheili,1,,
Salahi,1,,
Be,1,,
Qaisari,1,,
Biglari,1,,
Chakri,1,,
Jamshid,1,,
Farrokh,1,,
Ghadiri,1,,
Sarouri,1,,
Sadeghpour,1,,
Shirin,1,,
Mohsen,1,,
Khalaji,1,,
Ghanbarzadeh,1,,
Qaisi,1,,
Omidvar,1,,
Turki,1,,
Koshki,1,,
Lashkari,1,,
Talaei,1,,
Salarwand,1,,
Zanadh,1,,
Roustaei,1,,
Fadaie,1,,
Shirzadi,1,,
Maryam,1,,
Faghih,1,,
Farase,1,,
Heydarpour,1,,
Sabahi,1,,
Mahdian,1,,
Ashraf,1,,
Salame,1,,
Saremi,1,,
Fakhari,1,,
Khanani,1,,
Javidi,1,,
Fatahi,1,,
Sahebi,1,,
Qarh,1,,
Nikzad,1,,
Namdar,1,,
Abed,1,,
Shahrokhi,1,,
Ahangari,1,,
Baghban,1,,
Sharifzadeh,1,,
Rajab,1,,
Shirani,1,,
Rashedi,1,,
Aoz,1,,
Azizpour,1,,
Sanei,1,,
Akbarpour,1,,
Hashemian,1,,
Vazefh,1,,
Chamani,1,,
Zohrabi,1,,
Hadizadeh,1,,
Parsaei,1,,
Kian,1,,
Bagherpour,1,,
Nikpour,1,,
Taj,1,,
Vahid,1,,
Nikkhah,1,,
Hesami,1,,
Khosravani,1,,
Mullai,1,,
Aaxare,1,,
Mallahi,1,,
Eini,1,,
Azizian,1,,
Barzegari,1,,
Aeoze,1,,
Rad,1,,
Khajavi,1,,
Delir,1,,
Lashgari,1,,
Sardari,1,,
Adali,1,,
Dalavari,1,,
Javanmardi,1,,
Reissi,1,,
Ghibi,1,,
Haqeqat,1,,
Asadpour,1,,
Shahin,1,,
Shafi,1,,
Gorgiyeh,1,,
Kohistani,1,,
Rahmat,1,,
Taleb,1,,
Khorsandi,1,,
Qaime,1,,
Gramei,1,,
Shafai,1,,
Moghimi,1,,
Parvaneh,1,,
Hage,1,,
Hedayat,1,,
Nourbakhsh,1,,
Nobakht,1,,
Khodaverdi,1,,
Qaleh,1,,
Jalal,1,,
Haghashen,1,,
Manafi,1,,
Hassanneh,1,,
Azadeh,1,,
Nasser,1,,
Bazyar,1,,
Nadimi,1,,
Mehdi,1,,
Norouz,1,,
Qaraee,1,,
Niknam,1,,
Pakdel,1,,
Bahri,1,,
Haghani,1,,
Javari,1,,
Iman,1,,
Fard,1,,
Burhani,1,,
Qanoate,1,,
Ahangar,1,,
Norani,1,,
Sabzi,1,,
Darayi,1,,
Haghighi,1,,
Rastgou,1,,
Kalhor,1,,
Qadarate,1,,
Esfahani,1,,
Qaze,1,,
Kashi,1,,
Rafati,1,,
Norouzian,1,,
Jahanideh,1,,
Baghbani,1,,
Fateh,1,,
Kashore,1,,
Khalilzadeh,1,,
Asghar,1,,
Bahramian,1,,
Zahra,1,,
Jodaki,1,,
Hashempour,1,,
Damnia,1,,
Zarghani,1,,
Ismail,1,,
Soltanian,1,,
Morteza,1,,
Haq,1,,
Shayesteh,1,,
Rostamzadeh,1,,
Vafaee,1,,
Ashoori,1,,
Marvoti,1,,
Bahrampour,1,,
Dani,1,,
Razm,1,,
Ghadami,1,,
Rajabzah,1,,
Ghorbanian,1,,
Bahreini,1,,
Gadede,1,,
Mohajeri,1,,
Rhabar,1,,
Haghighat,1,,
Aabade,1,,
Jahanshahi,1,,
Sajjadian,1,,
Khandan,1,,
Mehrabani,1,,
Shadman,1,,
Grawand,1,,
Omid,1,,
Young,1,,
Arbab,1,,
Ganage,1,,
Nabiza,1,,
Naji,1,,
Hadipour,1,,
Rasoul,1,,
Nabati,1,,
Babakhani,1,,
Morshedi,1,,
Khada,1,,
Tavana,1,,
Borjie,1,,
Safa,1,,
Dehnavi,1,,
Khalafi,1,,
Khaki,1,,
Salavati,1,,
Iranpour,1,,
Zamanian,1,,
Dadgar,1,,
Malmer,1,,
Nasrollah,1,,